,actuals,predictions
0,False,False
1,True,False
2,False,False
3,False,False
4,False,True
5,True,False
6,True,True
7,True,False
8,True,True
9,False,True
10,False,False
11,True,True
12,False,False
13,False,False
14,True,True
15,False,False
16,True,False
17,True,True
18,True,False
19,True,True
20,False,True
21,False,False
22,True,False
23,True,False
24,False,False
25,False,False
26,False,False
27,False,True
28,True,True
29,False,False
30,False,False
31,True,False
32,False,False
33,False,False
34,False,False
35,False,False
36,False,True
37,True,True
38,True,True
39,True,True
40,True,True
41,True,False
42,True,False
43,False,False
44,False,False
45,True,True
46,False,True
47,True,True
48,False,False
49,False,False
50,False,True
51,True,True
52,False,False
53,True,True
54,False,True
55,False,False
56,False,True
57,True,True
58,False,False
59,False,False
60,False,False
61,False,True
62,True,True
63,True,False
64,True,True
65,False,False
66,False,True
67,False,False
68,True,True
69,True,False
70,False,True
71,False,True
72,True,True
73,False,False
74,False,True
75,False,False
76,False,True
77,False,False
78,True,False
79,True,True
80,False,True
81,False,False
82,True,True
83,True,True
84,False,False
85,True,True
86,True,True
87,True,True
88,False,False
89,False,False
90,True,True
91,False,True
92,False,False
93,False,True
94,False,True
95,False,False
96,False,False
97,True,False
98,True,False
99,True,True
100,True,False
101,False,False
102,False,False
103,True,True
104,True,True
105,False,False
106,True,True
107,False,False
108,False,False
109,False,False
110,True,True
111,True,True
112,False,True
113,True,True
114,True,False
115,True,True
116,True,True
117,True,False
118,True,False
119,True,True
120,False,True
121,True,True
122,False,True
123,False,False
124,False,False
125,True,True
126,False,True
127,False,False
128,True,False
129,False,False
130,True,True
131,False,False
132,False,True
133,False,False
134,False,False
135,False,False
136,True,True
137,True,True
138,False,True
139,False,False
140,False,True
141,True,True
142,False,False
143,True,False
144,False,False
145,False,False
146,False,True
147,True,True
148,True,False
149,True,False
150,True,True
151,False,True
152,False,False
153,False,False
154,True,False
155,False,False
156,True,False
157,True,True
158,True,True
159,False,False
160,True,True
161,False,False
162,False,False
163,False,False
164,False,False
165,True,True
166,True,False
167,False,True
168,False,True
169,True,False
170,False,False
171,True,True
172,True,False
173,True,True
174,False,False
175,False,False
176,False,False
177,True,True
178,True,True
179,True,True
180,True,True
181,False,False
182,False,False
183,False,True
184,True,True
185,True,True
186,False,True
187,True,False
188,True,False
189,False,True
190,False,True
191,True,True
192,False,False
193,False,True
194,False,True
195,False,False
196,False,False
197,True,False
198,False,False
199,True,False
200,False,True
201,True,True
202,True,True
203,True,True
204,False,False
205,True,True
206,True,True
207,False,False
208,True,True
209,True,False
210,True,True
211,False,False
212,True,False
213,False,True
214,False,False
215,False,True
216,True,False
217,True,True
218,False,False
219,True,True
220,True,True
221,True,False
222,True,True
223,False,False
224,True,True
225,False,True
226,True,True
227,False,False
228,False,False
229,True,True
230,True,True
231,True,False
232,False,False
233,True,True
234,False,False
235,False,False
236,False,False
237,True,True
238,False,False
239,False,False
240,False,False
241,False,False
242,False,False
243,True,True
244,False,True
245,False,False
246,True,False
247,False,True
248,False,True
249,False,False
250,False,True
251,False,False
252,False,False
253,False,True
254,False,False
255,True,True
256,False,False
257,False,False
258,True,True
259,False,True
260,True,True
261,True,True
262,True,False
263,False,False
264,False,True
265,False,False
266,False,False
267,False,False
268,False,True
269,True,True
270,True,False
271,False,True
272,True,True
273,True,True
274,False,False
275,False,True
276,True,True
277,False,False
278,True,True
279,False,True
280,False,True
281,False,False
282,False,False
283,False,False
284,True,True
285,False,False
286,True,True
287,False,True
288,False,False
289,False,True
290,True,False
291,False,False
292,True,True
293,False,False
294,True,True
295,False,False
296,True,True
297,False,True
298,True,False
299,False,False
300,True,True
301,False,False
302,False,False
303,True,False
304,False,False
305,False,False
306,False,False
307,True,True
308,False,False
309,False,True
310,False,False
311,True,True
312,True,False
313,False,False
314,True,True
315,True,False
316,False,False
317,True,False
318,False,False
319,False,False
320,True,True
321,False,False
322,True,True
323,False,False
324,True,False
325,True,False
326,False,False
327,True,True
328,True,True
329,True,True
330,False,True
331,True,True
332,True,True
333,True,True
334,True,True
335,True,False
336,True,True
337,True,True
338,False,True
339,False,False
340,True,False
341,False,False
342,False,True
343,False,True
344,True,True
345,True,False
346,False,False
347,False,True
348,False,False
349,False,False
350,True,True
351,True,True
352,True,True
353,True,True
354,True,True
355,False,True
356,False,False
357,False,False
358,False,False
359,True,True
360,False,False
361,True,True
362,False,True
363,False,True
364,False,False
365,True,True
366,False,True
367,False,False
368,True,True
369,False,False
370,False,True
371,False,False
372,True,True
373,False,True
374,True,False
375,True,True
376,False,True
377,False,True
378,True,True
379,False,True
380,True,False
381,False,True
382,False,False
383,True,True
384,False,False
385,False,False
386,False,False
387,False,False
388,False,False
389,True,False
390,False,True
391,False,False
392,False,True
393,False,False
394,False,True
395,False,False
396,False,False
397,True,False
398,False,False
399,False,False
400,False,False
401,True,False
402,False,False
403,False,False
404,True,False
405,False,False
406,True,True
407,False,True
408,True,True
409,True,True
410,False,False
411,True,True
412,True,True
413,False,False
414,True,False
415,True,False
416,True,True
417,False,True
418,False,True
419,True,True
420,True,True
421,False,False
422,False,True
423,True,True
424,False,False
425,False,False
426,True,True
427,True,True
428,False,True
429,True,False
430,False,False
431,False,False
432,False,False
433,False,False
434,False,False
435,True,False
436,True,False
437,True,True
438,False,True
439,True,False
440,True,True
441,True,True
442,True,True
443,False,False
444,False,False
445,True,True
446,False,False
447,False,False
448,False,False
449,True,False
450,True,True
451,False,False
452,False,False
453,False,True
454,False,True
455,False,False
456,False,False
457,True,True
458,False,False
459,True,True
460,False,False
461,False,True
462,True,True
463,False,True
464,False,False
465,True,True
466,False,False
467,False,False
468,False,False
469,False,True
470,False,False
471,True,True
472,True,True
473,True,True
474,True,True
475,False,False
476,False,False
477,True,True
478,False,False
479,True,True
480,False,False
481,False,False
482,True,True
483,True,True
484,False,True
485,False,False
486,True,True
487,False,False
488,False,True
489,False,True
490,False,False
491,False,False
492,True,True
493,False,False
494,False,True
495,False,False
496,True,True
497,False,False
498,False,False
499,False,True
500,True,True
501,True,False
502,False,True
503,False,False
504,True,False
505,True,True
506,True,False
507,True,True
508,True,True
509,True,True
510,True,True
511,True,True
512,False,False
513,True,True
514,False,False
515,False,False
516,True,True
517,True,True
518,False,False
519,False,False
520,False,True
521,True,True
522,False,True
523,False,True
524,False,False
525,False,False
526,False,False
527,True,True
528,True,False
529,False,True
530,True,True
531,False,False
532,True,True
533,False,True
534,False,False
535,True,True
536,False,False
537,False,True
538,False,True
539,True,False
540,False,True
541,False,False
542,False,False
543,False,True
544,True,True
545,True,False
546,False,True
547,True,True
548,True,False
549,False,False
550,False,False
551,True,True
552,False,True
553,True,True
554,False,False
555,False,False
556,True,True
557,True,True
558,True,True
559,True,False
560,False,False
561,False,True
562,False,True
563,False,False
564,False,True
565,False,False
566,False,False
567,False,True
568,False,False
569,False,False
570,False,True
571,True,True
572,False,False
573,True,False
574,False,False
575,True,True
576,False,False
577,True,True
578,False,False
579,False,False
580,True,False
581,True,True
582,True,False
583,True,True
584,False,False
585,False,False
586,False,False
587,False,False
588,False,False
589,False,False
590,False,True
591,True,True
592,False,False
593,True,False
594,False,False
595,False,False
596,False,False
597,True,True
598,False,True
599,False,False
600,False,False
601,True,True
602,True,False
603,True,True
604,True,True
605,False,False
606,False,False
607,True,True
608,True,True
609,True,False
610,True,False
611,False,False
612,True,True
613,True,True
614,True,False
615,False,True
616,False,False
617,True,False
618,False,False
619,False,True
620,True,False
621,True,True
622,False,False
623,False,False
624,False,False
625,True,False
626,False,False
627,True,True
628,False,False
629,False,True
630,True,True
631,True,True
632,True,True
633,False,False
634,True,True
635,False,True
636,False,False
637,True,True
638,False,True
639,True,True
640,False,False
641,True,True
642,False,True
643,False,False
644,True,True
645,True,True
646,True,True
647,True,False
648,False,True
649,False,False
650,False,True
651,True,True
652,False,False
653,False,True
654,False,True
655,False,True
656,False,False
657,False,False
658,True,True
659,False,False
660,True,True
661,False,False
662,True,False
663,True,False
664,True,True
665,False,False
666,True,True
667,True,False
668,False,True
669,False,False
670,True,True
671,False,True
672,True,True
673,True,False
674,False,False
675,False,False
676,False,True
677,True,False
678,False,False
679,False,False
680,False,False
681,True,False
682,True,True
683,False,False
684,False,True
685,True,False
686,False,True
687,False,True
688,False,True
689,False,True
690,False,True
691,False,False
692,False,False
693,True,True
694,True,False
695,False,True
696,False,True
697,True,True
698,True,True
699,True,True
700,False,True
701,True,True
702,True,True
703,False,False
704,False,False
705,False,False
706,True,True
707,False,True
708,True,True
709,False,False
710,False,False
711,True,True
712,False,True
713,False,False
714,False,False
715,True,True
716,True,True
717,True,True
718,True,True
719,False,False
720,True,True
721,False,True
722,False,False
723,False,True
724,True,True
725,True,True
726,True,True
727,False,True
728,False,False
729,False,False
730,False,False
731,False,True
732,True,True
733,True,True
734,False,False
735,False,False
736,True,True
737,False,False
738,True,True
739,False,False
740,False,True
741,True,True
742,False,False
743,False,False
744,False,True
745,False,True
746,True,True
747,True,False
748,False,False
749,False,False
750,False,False
751,False,False
752,False,False
753,True,True
754,False,True
755,False,False
756,False,False
757,True,False
758,False,True
759,False,False
760,False,False
761,True,True
762,True,True
763,False,True
764,True,True
765,True,True
766,False,True
767,True,False
768,False,False
769,True,True
770,False,False
771,False,False
772,False,False
773,True,False
774,True,True
775,False,False
776,False,False
777,False,False
778,False,True
779,False,True
780,False,False
781,False,True
782,True,True
783,False,True
784,True,True
785,False,False
786,False,False
787,True,False
788,True,True
789,True,True
790,True,False
791,True,True
792,True,True
793,True,True
794,False,True
795,False,False
796,False,False
797,False,True
798,True,True
799,True,True
800,False,False
801,False,True
802,False,False
803,False,False
804,True,True
805,False,False
806,False,False
807,True,True
808,False,False
809,True,False
810,False,False
811,False,False
812,False,True
813,False,False
814,True,False
815,True,True
816,False,False
817,True,False
818,False,True
819,False,False
820,True,False
821,True,True
822,False,True
823,True,True
824,True,False
825,False,True
826,True,True
827,False,True
828,False,False
829,True,True
830,True,True
831,True,True
832,True,True
833,False,False
834,False,False
835,False,False
836,True,False
837,False,True
838,True,True
839,False,False
840,True,True
841,False,False
842,False,False
843,True,True
844,False,True
845,False,False
846,False,True
847,True,True
848,False,False
849,True,True
850,False,False
851,False,True
852,False,True
853,True,True
854,True,True
855,False,False
856,False,False
857,False,False
858,True,True
859,False,True
860,True,True
861,True,True
862,False,False
863,True,True
864,False,False
865,True,True
866,True,True
867,False,False
868,True,True
869,True,True
870,True,True
871,False,True
872,True,False
873,False,False
874,True,True
875,False,True
876,False,True
877,True,False
878,True,False
879,False,False
880,False,False
881,True,True
882,False,False
883,True,True
884,False,True
885,True,False
886,True,True
887,True,True
888,True,False
889,True,False
890,True,True
891,False,True
892,False,False
893,False,False
894,False,False
895,True,True
896,False,True
897,False,False
898,False,True
899,False,False
900,True,True
901,False,False
902,False,False
903,True,True
904,True,True
905,False,False
906,True,True
907,False,True
908,False,True
909,True,True
910,True,True
911,True,True
912,False,False
913,True,False
914,False,False
915,True,True
916,False,True
917,True,True
918,True,False
919,False,False
920,True,True
921,False,False
922,False,False
923,True,True
924,False,True
925,False,False
926,True,True
927,False,False
928,False,False
929,False,False
930,True,False
931,True,True
932,False,False
933,False,False
934,True,True
935,True,True
936,False,True
937,True,True
938,True,True
939,False,False
940,True,False
941,True,False
942,True,True
943,False,False
944,False,False
945,False,False
946,True,True
947,False,False
948,False,False
949,False,False
950,True,True
951,False,False
952,False,False
953,True,True
954,False,False
955,True,True
956,False,True
957,True,False
958,False,True
959,True,True
960,False,False
961,False,False
962,True,True
963,True,True
964,False,False
965,False,True
966,False,False
967,False,False
968,False,True
969,False,False
970,False,False
971,False,False
972,False,False
973,True,True
974,False,False
975,False,True
976,False,True
977,False,False
978,False,True
979,True,False
980,True,True
981,False,True
982,False,False
983,False,True
984,False,True
985,True,False
986,True,False
987,False,False
988,False,False
989,False,True
990,False,True
991,False,True
992,True,True
993,True,False
994,True,False
995,True,False
996,True,True
997,True,True
998,True,True
999,False,True
1000,False,False
1001,True,True
1002,False,True
1003,True,True
1004,True,False
1005,False,True
1006,True,True
1007,True,True
1008,True,True
1009,True,False
1010,False,False
1011,False,False
1012,False,False
1013,True,True
1014,False,False
1015,True,False
1016,True,False
1017,True,True
1018,False,False
1019,False,False
1020,False,False
1021,True,True
1022,False,False
1023,False,False
1024,True,True
1025,True,False
1026,False,False
1027,False,False
1028,True,True
1029,False,False
1030,True,True
1031,False,False
1032,True,True
1033,False,False
1034,False,True
1035,False,True
1036,True,True
1037,True,True
1038,False,True
1039,False,False
1040,False,False
1041,False,True
1042,False,True
1043,True,True
1044,True,True
1045,True,True
1046,False,True
1047,True,False
1048,True,True
1049,True,False
1050,False,True
1051,True,True
1052,True,True
1053,False,False
1054,False,False
1055,True,True
1056,True,True
1057,False,False
1058,False,False
1059,False,True
1060,False,False
1061,True,True
1062,False,False
1063,False,True
1064,True,True
1065,False,False
1066,True,True
1067,True,True
1068,False,False
1069,True,True
1070,False,False
1071,False,True
1072,True,False
1073,True,True
1074,True,True
1075,False,False
1076,False,False
1077,True,True
1078,True,True
1079,True,False
1080,True,True
1081,True,True
1082,True,True
1083,True,True
1084,False,False
1085,True,True
1086,False,True
1087,True,True
1088,False,False
1089,False,True
1090,False,False
1091,True,True
1092,False,False
1093,False,False
1094,False,True
1095,True,False
1096,False,False
1097,False,False
1098,False,True
1099,False,True
1100,False,False
1101,False,True
1102,False,False
1103,False,True
1104,True,True
1105,False,True
1106,False,False
1107,False,False
1108,True,True
1109,True,False
1110,True,True
1111,False,False
1112,True,True
1113,True,False
1114,False,False
1115,True,True
1116,False,False
1117,True,True
1118,True,False
1119,True,True
1120,False,True
1121,False,False
1122,True,False
1123,False,False
1124,True,True
1125,False,False
1126,False,False
1127,False,False
1128,False,True
1129,True,True
1130,True,True
1131,True,True
1132,False,False
1133,True,True
1134,True,False
1135,False,False
1136,False,False
1137,True,True
1138,True,True
1139,False,False
1140,True,True
1141,True,False
1142,True,True
1143,True,True
1144,False,True
1145,False,True
1146,False,False
1147,True,True
1148,False,True
1149,True,True
1150,True,False
1151,True,False
1152,True,True
1153,True,True
1154,False,False
1155,True,True
1156,False,True
1157,False,False
1158,False,False
1159,True,True
1160,False,False
1161,False,True
1162,False,True
1163,False,False
1164,False,True
1165,False,True
1166,True,True
1167,False,False
1168,False,True
1169,False,True
1170,True,True
1171,False,True
1172,False,True
1173,True,True
1174,False,True
1175,True,True
1176,False,False
1177,False,False
1178,False,False
1179,False,False
1180,False,True
1181,True,True
1182,True,False
1183,True,False
1184,False,True
1185,False,False
1186,False,False
1187,True,True
1188,False,False
1189,False,False
1190,True,True
1191,False,False
1192,False,False
1193,True,True
1194,True,True
1195,False,False
1196,False,True
1197,False,True
1198,True,False
1199,True,True
1200,False,False
1201,False,False
1202,True,True
1203,False,True
1204,False,False
1205,True,False
1206,False,False
1207,False,False
1208,False,False
1209,True,False
1210,True,False
1211,False,False
1212,False,False
1213,False,True
1214,False,False
1215,False,True
1216,False,False
1217,True,True
1218,False,False
1219,True,True
1220,False,False
1221,True,True
1222,False,False
1223,True,True
1224,False,False
1225,False,True
1226,True,False
1227,False,False
1228,False,False
1229,False,False
1230,False,False
1231,True,False
1232,False,False
1233,False,True
1234,True,True
1235,True,True
1236,True,True
1237,True,False
1238,False,True
1239,True,True
1240,False,True
1241,False,False
1242,False,False
1243,True,True
1244,True,True
1245,False,True
1246,True,True
1247,False,False
1248,True,True
1249,False,False
1250,False,True
1251,False,False
1252,False,False
1253,True,True
1254,True,True
1255,False,False
1256,False,True
1257,False,False
1258,True,True
1259,False,False
1260,True,True
1261,False,True
1262,True,True
1263,False,False
1264,True,False
1265,True,True
1266,False,False
1267,False,False
1268,False,False
1269,True,False
1270,False,True
1271,True,True
1272,False,True
1273,False,False
1274,False,False
1275,False,False
1276,False,False
1277,True,True
1278,False,False
1279,True,True
1280,True,False
1281,True,True
1282,False,False
1283,False,True
1284,False,False
1285,True,True
1286,False,False
1287,False,True
1288,True,False
1289,False,False
1290,False,False
1291,False,False
1292,False,False
1293,False,False
1294,False,False
1295,False,False
1296,True,True
1297,False,True
1298,False,False
1299,True,True
1300,True,True
1301,True,True
1302,False,False
1303,False,False
1304,False,False
1305,False,False
1306,True,True
1307,False,True
1308,True,True
1309,False,True
1310,True,True
1311,True,True
1312,False,False
1313,True,True
1314,True,True
1315,False,False
1316,True,True
1317,True,True
1318,False,True
1319,True,True
1320,True,True
1321,True,True
1322,True,True
1323,True,True
1324,True,False
1325,False,False
1326,False,False
1327,False,True
1328,False,False
1329,True,False
1330,False,False
1331,False,False
1332,True,True
1333,True,True
1334,False,True
1335,True,True
1336,False,False
1337,False,True
1338,False,False
1339,False,False
1340,False,False
1341,False,False
1342,True,True
1343,False,True
1344,True,True
1345,False,False
1346,False,False
1347,True,True
1348,True,True
1349,False,False
1350,False,False
1351,True,True
1352,False,False
1353,False,True
1354,True,True
1355,False,False
1356,False,False
1357,False,False
1358,True,True
1359,False,False
1360,True,False
1361,True,False
1362,True,False
1363,False,True
1364,True,False
1365,False,False
1366,False,False
1367,True,False
1368,True,False
1369,False,False
1370,True,False
1371,True,False
1372,False,True
1373,True,True
1374,False,False
1375,True,False
1376,False,False
1377,False,False
1378,True,False
1379,False,False
1380,True,True
1381,True,False
1382,False,True
1383,False,False
1384,True,True
1385,False,True
1386,False,False
1387,True,True
1388,False,False
1389,False,False
1390,False,False
1391,True,True
1392,False,False
1393,True,False
1394,True,True
1395,True,True
1396,True,True
1397,False,False
1398,True,True
1399,False,True
1400,False,True
1401,True,True
1402,False,True
1403,True,True
1404,False,False
1405,False,True
1406,False,False
1407,False,False
1408,False,False
1409,True,True
1410,False,False
1411,True,False
1412,False,True
1413,False,False
1414,False,True
1415,False,False
1416,True,True
1417,True,True
1418,True,True
1419,False,True
1420,False,False
1421,False,False
1422,True,False
1423,True,False
1424,True,True
1425,True,True
1426,True,True
1427,True,True
1428,False,True
1429,False,True
1430,True,True
1431,False,False
1432,False,False
1433,False,False
1434,False,False
1435,True,True
1436,True,True
1437,False,True
1438,False,True
1439,True,True
1440,False,True
1441,False,False
1442,False,False
1443,False,True
1444,False,False
1445,True,True
1446,False,True
1447,False,False
1448,False,True
1449,False,True
1450,False,False
1451,True,True
1452,True,True
1453,False,False
1454,True,False
1455,True,False
1456,True,True
1457,False,False
1458,False,False
1459,True,True
1460,True,True
1461,True,True
1462,False,False
1463,False,False
1464,True,False
1465,False,True
1466,False,False
1467,False,False
1468,False,False
1469,False,True
1470,False,True
1471,True,False
1472,False,False
1473,True,True
1474,False,False
1475,True,True
1476,True,True
1477,False,True
1478,False,True
1479,True,True
1480,True,True
1481,True,True
1482,False,False
1483,False,False
1484,False,True
1485,False,True
1486,False,True
1487,False,False
1488,False,False
1489,False,False
1490,False,True
1491,False,True
1492,True,True
1493,True,True
1494,False,True
1495,False,False
1496,True,True
1497,False,False
1498,True,True
1499,True,True
1500,False,False
1501,True,True
1502,False,False
1503,False,False
1504,False,False
1505,True,True
1506,False,False
1507,True,True
1508,False,False
1509,False,True
1510,False,False
1511,False,True
1512,True,False
1513,True,True
1514,False,False
1515,True,True
1516,True,True
1517,False,False
1518,True,False
1519,False,False
1520,False,True
1521,False,False
1522,True,True
1523,True,True
1524,True,True
1525,False,False
1526,False,True
1527,True,False
1528,False,False
1529,False,True
1530,False,True
1531,True,True
1532,False,False
1533,True,True
1534,False,False
1535,False,False
1536,True,True
1537,False,True
1538,True,True
1539,False,False
1540,False,False
1541,True,False
1542,True,True
1543,True,True
1544,True,True
1545,False,False
1546,True,True
1547,False,False
1548,True,True
1549,False,False
1550,True,False
1551,True,True
1552,False,False
1553,False,False
1554,False,True
1555,True,True
1556,False,False
1557,True,True
1558,True,False
1559,False,True
1560,False,False
1561,False,False
1562,True,True
1563,False,False
1564,False,False
1565,True,False
1566,True,False
1567,False,False
1568,True,True
1569,True,True
1570,True,True
1571,True,False
1572,False,True
1573,False,False
1574,True,False
1575,False,False
1576,True,False
1577,True,False
1578,False,False
1579,True,False
1580,True,True
1581,False,False
1582,True,False
1583,False,True
1584,False,False
1585,False,True
1586,False,False
1587,True,True
1588,True,False
1589,True,True
1590,False,True
1591,True,True
1592,True,False
1593,True,True
1594,True,True
1595,True,False
1596,False,False
1597,True,False
1598,True,False
1599,True,False
1600,False,False
1601,False,False
1602,False,False
1603,True,True
1604,False,True
1605,False,False
1606,True,True
1607,False,True
1608,False,False
1609,True,True
1610,False,False
1611,False,False
1612,True,True
1613,False,True
1614,True,True
1615,True,True
1616,False,False
1617,False,True
1618,True,True
1619,False,False
1620,False,False
1621,False,False
1622,True,True
1623,False,False
1624,False,False
1625,True,True
1626,True,True
1627,True,False
1628,False,True
1629,True,True
1630,False,True
1631,False,True
1632,True,True
1633,True,False
1634,True,True
1635,False,True
1636,True,True
1637,False,True
1638,True,True
1639,True,True
1640,False,True
1641,False,True
1642,True,True
1643,True,True
1644,False,True
1645,True,False
1646,False,True
1647,True,False
1648,False,False
1649,True,True
1650,True,False
1651,False,False
1652,True,True
1653,True,True
1654,False,True
1655,False,False
1656,True,True
1657,False,True
1658,True,True
1659,False,False
1660,False,True
1661,True,False
1662,True,True
1663,True,True
1664,False,False
1665,False,False
1666,False,True
1667,False,False
1668,True,False
1669,False,True
1670,True,True
1671,False,False
1672,False,False
1673,False,False
1674,False,True
1675,False,False
1676,False,False
1677,False,False
1678,False,True
1679,True,True
1680,True,True
1681,False,True
1682,False,False
1683,False,False
1684,False,True
1685,False,False
1686,False,False
1687,False,False
1688,True,False
1689,False,False
1690,False,False
1691,True,True
1692,True,True
1693,False,True
1694,False,False
1695,False,True
1696,False,True
1697,False,True
1698,False,False
1699,True,True
1700,True,False
1701,False,False
1702,False,False
1703,True,True
1704,True,True
1705,True,False
1706,False,True
1707,False,False
1708,False,False
1709,True,False
1710,False,False
1711,True,False
1712,True,True
1713,False,False
1714,True,True
1715,True,True
1716,False,False
1717,False,True
1718,True,True
1719,True,True
1720,False,False
1721,True,True
1722,False,True
1723,False,False
1724,False,False
1725,False,False
1726,True,True
1727,False,True
1728,True,True
1729,False,False
1730,True,True
1731,False,False
1732,True,True
1733,True,True
1734,True,True
1735,True,True
1736,True,True
1737,False,False
1738,True,False
1739,False,False
1740,True,False
1741,False,False
1742,False,False
1743,True,False
1744,True,True
1745,False,False
1746,False,False
1747,False,True
1748,True,True
1749,True,False
1750,True,False
1751,False,False
1752,True,True
1753,False,False
1754,False,False
1755,False,True
1756,False,False
1757,True,True
1758,False,False
1759,False,True
1760,True,True
1761,False,False
1762,True,True
1763,True,True
1764,False,False
1765,False,False
1766,False,False
1767,True,True
1768,False,True
1769,False,False
1770,True,False
1771,False,False
1772,True,True
1773,False,False
1774,False,False
1775,False,False
1776,False,True
1777,True,True
1778,False,False
1779,True,False
1780,True,True
1781,False,False
1782,True,False
1783,False,False
1784,True,True
1785,True,True
1786,False,False
1787,False,False
1788,False,False
1789,False,False
1790,True,True
1791,True,False
1792,False,False
1793,False,False
1794,True,True
1795,False,False
1796,True,True
1797,True,False
1798,True,True
1799,False,True
1800,False,False
1801,False,True
1802,False,False
1803,False,True
1804,True,True
1805,False,True
1806,True,True
1807,False,True
1808,True,False
1809,False,False
1810,True,False
1811,False,False
1812,False,False
1813,False,False
1814,False,False
1815,False,False
1816,False,False
1817,False,False
1818,True,False
1819,False,False
1820,True,True
1821,True,False
1822,True,True
1823,True,False
1824,False,False
1825,False,True
1826,False,True
1827,False,False
1828,False,True
1829,False,True
1830,False,False
1831,True,True
1832,True,True
1833,True,False
1834,False,False
1835,True,True
1836,False,True
1837,True,True
1838,False,False
1839,False,False
1840,False,False
1841,True,True
1842,True,True
1843,False,True
1844,False,True
1845,False,False
1846,True,True
1847,True,True
1848,True,False
1849,True,True
1850,False,False
1851,True,True
1852,False,True
1853,True,True
1854,True,True
1855,False,False
1856,True,True
1857,True,False
1858,True,False
1859,False,True
1860,False,False
1861,True,False
1862,True,True
1863,True,False
1864,True,False
1865,True,False
1866,True,True
1867,True,False
1868,True,False
1869,False,True
1870,False,True
1871,True,True
1872,True,False
1873,True,True
1874,True,True
1875,False,False
1876,False,True
1877,True,True
1878,False,False
1879,False,False
1880,False,False
1881,True,True
1882,True,True
1883,True,True
1884,True,True
1885,True,True
1886,False,False
1887,False,False
1888,False,True
1889,True,True
1890,False,False
1891,True,True
1892,True,False
1893,False,True
1894,False,True
1895,True,True
1896,True,True
1897,True,True
1898,True,True
1899,True,True
1900,False,False
1901,True,True
1902,True,False
1903,True,True
1904,True,True
1905,True,True
1906,True,False
1907,False,True
1908,False,False
1909,False,False
1910,True,False
1911,True,False
1912,False,True
1913,True,True
1914,False,False
1915,False,True
1916,True,False
1917,False,False
1918,False,False
1919,False,False
1920,False,False
1921,False,False
1922,False,False
1923,True,True
1924,False,True
1925,False,True
1926,False,False
1927,True,True
1928,True,True
1929,True,True
1930,False,True
1931,True,False
1932,False,False
1933,True,True
1934,True,True
1935,False,True
1936,True,True
1937,False,True
1938,False,False
1939,True,False
1940,False,False
1941,True,False
1942,False,True
1943,False,False
1944,False,True
1945,True,False
1946,True,False
1947,True,True
1948,False,True
1949,True,True
1950,False,False
1951,False,False
1952,False,False
1953,True,False
1954,True,True
1955,True,False
1956,False,True
1957,False,False
1958,True,True
1959,True,False
1960,True,False
1961,True,False
1962,False,True
1963,True,False
1964,True,False
1965,False,True
1966,False,True
1967,False,False
1968,False,True
1969,False,True
1970,True,True
1971,True,True
1972,True,True
1973,True,False
1974,True,True
1975,True,False
1976,False,False
1977,True,False
1978,True,True
1979,False,False
1980,False,False
1981,False,False
1982,False,False
1983,True,False
1984,False,True
1985,False,True
1986,False,False
1987,False,False
1988,True,True
1989,True,True
1990,True,True
1991,True,True
1992,False,False
1993,False,False
1994,False,True
1995,False,False
1996,False,False
1997,True,True
1998,False,True
1999,True,False
2000,True,True
2001,False,True
2002,True,False
2003,False,False
2004,False,False
2005,False,True
2006,True,False
2007,True,False
2008,False,False
2009,True,True
2010,False,False
2011,False,False
2012,True,True
2013,True,True
2014,False,False
2015,False,True
2016,True,True
2017,False,False
2018,True,True
2019,False,True
2020,True,True
2021,True,True
2022,False,False
2023,False,False
2024,False,False
2025,False,False
2026,True,True
2027,True,True
2028,False,False
2029,False,False
2030,False,True
2031,True,True
2032,False,True
2033,True,True
2034,False,True
2035,False,True
2036,False,False
2037,False,True
2038,True,True
2039,False,True
2040,False,True
2041,True,True
2042,True,True
2043,True,False
2044,True,True
2045,True,False
2046,False,False
2047,False,True
2048,True,False
2049,False,False
2050,False,True
2051,True,True
2052,True,True
2053,True,False
2054,True,False
2055,True,False
2056,False,False
2057,False,False
2058,False,False
2059,False,True
2060,False,False
2061,False,False
2062,False,True
2063,True,True
2064,False,False
2065,True,False
2066,True,True
2067,False,False
2068,False,False
2069,False,False
2070,False,False
2071,False,False
2072,True,False
2073,False,False
2074,False,True
2075,False,False
2076,True,True
2077,False,True
2078,True,False
2079,False,False
2080,False,False
2081,True,True
2082,False,True
2083,False,False
2084,True,True
2085,False,False
2086,False,False
2087,True,True
2088,True,False
2089,True,True
2090,True,False
2091,False,False
2092,False,False
2093,True,True
2094,False,True
2095,False,True
2096,False,True
2097,True,True
2098,False,False
2099,True,True
2100,False,True
2101,False,False
2102,True,True
2103,False,True
2104,True,True
2105,True,False
2106,True,True
2107,False,False
2108,False,False
2109,True,False
2110,True,True
2111,False,False
2112,True,True
2113,False,True
2114,True,False
2115,True,True
2116,True,True
2117,False,True
2118,False,False
2119,True,True
2120,False,False
2121,False,True
2122,True,True
2123,False,True
2124,False,False
2125,True,False
2126,True,False
2127,False,False
2128,False,True
2129,True,True
2130,True,False
2131,True,True
2132,False,True
2133,False,False
2134,False,False
2135,True,False
2136,True,True
2137,False,False
2138,False,True
2139,False,True
2140,False,False
2141,True,True
2142,False,False
2143,True,True
2144,True,True
2145,False,False
2146,True,False
2147,True,True
2148,False,True
2149,False,False
2150,False,False
2151,False,False
2152,True,False
2153,False,True
2154,False,False
2155,True,True
2156,False,False
2157,False,True
2158,True,False
2159,False,False
2160,True,False
2161,True,True
2162,False,True
2163,False,False
2164,True,True
2165,False,False
2166,True,True
2167,False,False
2168,False,False
2169,False,True
2170,False,True
2171,False,False
2172,False,True
2173,False,True
2174,False,True
2175,False,False
2176,True,False
2177,True,True
2178,False,False
2179,False,True
2180,False,False
2181,False,False
2182,False,False
2183,True,True
2184,False,False
2185,False,True
2186,False,False
2187,False,True
2188,False,True
2189,True,True
2190,True,True
2191,True,True
2192,True,True
2193,True,True
2194,False,False
2195,False,True
2196,True,True
2197,True,True
2198,False,True
2199,True,False
2200,False,True
2201,True,False
2202,True,False
2203,False,False
2204,True,False
2205,False,False
2206,False,False
2207,False,False
2208,True,True
2209,True,False
2210,False,False
2211,True,True
2212,False,False
2213,True,True
2214,True,False
2215,True,True
2216,False,True
2217,False,True
2218,False,True
2219,True,True
2220,False,True
2221,False,False
2222,False,False
2223,False,False
2224,False,True
2225,True,True
2226,True,True
2227,True,True
2228,True,True
2229,False,False
2230,False,True
2231,False,True
2232,True,False
2233,True,True
2234,False,False
2235,False,False
2236,True,True
2237,False,True
2238,True,False
2239,False,False
2240,True,True
2241,False,True
2242,True,True
2243,False,True
2244,False,False
2245,True,True
2246,True,True
2247,False,False
2248,False,False
2249,False,True
2250,True,False
2251,True,True
2252,True,True
2253,True,True
2254,True,True
2255,False,False
2256,False,False
2257,True,True
2258,True,True
2259,True,True
2260,True,False
2261,False,True
2262,True,False
2263,True,True
2264,False,True
2265,True,True
2266,False,True
2267,True,True
2268,False,True
2269,False,False
2270,False,True
2271,False,False
2272,True,True
2273,True,True
2274,False,False
2275,False,False
2276,True,True
2277,True,True
2278,True,True
2279,False,True
2280,False,False
2281,True,True
2282,True,False
2283,True,True
2284,True,True
2285,True,True
2286,True,True
2287,True,True
2288,True,True
2289,True,True
2290,False,True
2291,False,True
2292,False,False
2293,False,False
2294,True,True
2295,False,True
2296,True,True
2297,True,True
2298,False,False
2299,False,False
2300,False,False
2301,True,True
2302,False,True
2303,False,True
2304,False,False
2305,True,False
2306,False,False
2307,True,True
2308,True,True
2309,False,False
2310,True,True
2311,True,False
2312,True,True
2313,True,False
2314,False,False
2315,True,True
2316,True,True
2317,False,False
2318,True,True
2319,True,True
2320,True,False
2321,True,True
2322,True,True
2323,False,False
2324,True,False
2325,False,True
2326,False,False
2327,True,True
2328,True,False
2329,False,False
2330,True,True
2331,False,False
2332,True,False
2333,False,False
2334,True,True
2335,True,True
2336,True,True
2337,False,False
2338,False,False
2339,False,True
2340,False,False
2341,False,False
2342,False,False
2343,False,False
2344,False,False
2345,False,False
2346,False,False
2347,False,False
2348,True,True
2349,True,True
2350,True,False
2351,False,False
2352,False,False
2353,False,False
2354,False,True
2355,True,False
2356,True,True
2357,False,True
2358,True,False
2359,False,True
2360,False,False
2361,False,True
2362,False,True
2363,False,True
2364,False,True
2365,False,False
2366,False,False
2367,False,True
2368,False,False
2369,False,False
2370,False,True
2371,False,False
2372,True,True
2373,False,False
2374,True,True
2375,True,True
2376,True,False
2377,False,False
2378,False,True
2379,True,True
2380,False,False
2381,False,False
2382,False,True
2383,True,False
2384,False,False
2385,False,False
2386,False,False
2387,False,False
2388,True,True
2389,False,False
2390,True,False
2391,True,False
2392,False,False
2393,True,False
2394,True,True
2395,True,True
2396,False,True
2397,False,True
2398,True,True
2399,False,False
2400,False,False
2401,False,False
2402,False,False
2403,False,False
2404,True,True
2405,True,False
2406,False,False
2407,True,False
2408,False,False
2409,True,True
2410,True,False
2411,False,True
2412,False,False
2413,False,False
2414,True,False
2415,False,True
2416,False,True
2417,False,False
2418,False,False
2419,False,False
2420,True,False
2421,True,True
2422,False,True
2423,False,True
2424,False,False
2425,True,True
2426,True,False
2427,False,False
2428,True,True
2429,True,True
2430,False,True
2431,False,True
2432,False,False
2433,True,True
2434,False,False
2435,True,True
2436,False,False
2437,False,False
2438,False,False
2439,False,False
2440,True,True
2441,False,True
2442,False,True
2443,True,False
2444,False,True
2445,True,False
2446,True,False
2447,False,True
2448,False,True
2449,False,False
2450,True,False
2451,False,False
2452,True,True
2453,False,False
2454,False,True
2455,True,True
2456,True,True
2457,False,True
2458,False,True
2459,False,False
2460,False,False
2461,False,False
2462,False,False
2463,True,True
2464,False,True
2465,False,True
2466,False,True
2467,False,True
2468,True,True
2469,True,True
2470,True,True
2471,False,False
2472,True,True
2473,False,True
2474,False,False
2475,False,True
2476,True,True
2477,True,True
2478,False,True
2479,True,True
2480,False,False
2481,False,False
2482,False,True
2483,True,False
2484,False,False
2485,True,True
2486,False,False
2487,False,False
2488,False,False
2489,False,False
2490,False,True
2491,True,True
2492,False,False
2493,True,False
2494,False,False
2495,False,True
2496,True,True
2497,True,False
2498,True,True
2499,False,True
2500,False,False
2501,True,True
2502,True,True
2503,True,True
2504,True,False
2505,False,False
2506,True,True
2507,True,False
2508,True,True
2509,True,True
2510,True,True
2511,False,False
2512,False,True
2513,False,False
2514,False,False
2515,True,False
2516,True,True
2517,True,True
2518,True,True
2519,False,False
2520,True,True
2521,True,True
2522,False,False
2523,False,True
2524,False,False
2525,True,False
2526,False,False
2527,True,True
2528,True,True
2529,True,False
2530,True,True
2531,True,True
2532,False,False
2533,False,False
2534,False,False
2535,True,True
2536,False,False
2537,True,True
2538,True,True
2539,True,True
2540,False,True
2541,True,True
2542,False,False
2543,False,False
2544,False,True
2545,True,False
2546,False,False
2547,False,False
2548,True,True
2549,False,False
2550,False,False
2551,False,False
2552,True,True
2553,True,True
2554,False,False
2555,False,False
2556,True,False
2557,True,True
2558,False,False
2559,False,False
2560,False,False
2561,True,False
2562,False,False
2563,False,False
2564,False,False
2565,False,True
2566,True,True
2567,True,True
2568,False,False
2569,False,True
2570,False,False
2571,True,True
2572,True,True
2573,False,True
2574,False,False
2575,False,False
2576,False,False
2577,False,True
2578,False,False
2579,True,True
2580,False,True
2581,False,False
2582,False,False
2583,False,False
2584,True,False
2585,True,True
2586,True,True
2587,False,False
2588,True,True
2589,False,False
2590,False,True
2591,False,False
2592,False,True
2593,False,False
2594,False,False
2595,True,True
2596,True,True
2597,True,True
2598,False,False
2599,False,False
2600,False,False
2601,False,True
2602,False,False
2603,True,False
2604,True,True
2605,True,False
2606,True,True
2607,False,False
2608,False,False
2609,True,True
2610,False,False
2611,True,True
2612,True,True
2613,False,False
2614,True,True
2615,False,True
2616,False,False
2617,False,True
2618,False,True
2619,True,True
2620,False,True
2621,False,False
2622,True,False
2623,False,True
2624,True,False
2625,False,True
2626,False,True
2627,False,True
2628,True,True
2629,True,True
2630,False,True
2631,True,True
2632,False,False
2633,True,True
2634,True,True
2635,True,False
2636,False,False
2637,True,True
2638,True,True
2639,False,False
2640,False,False
2641,True,True
2642,False,False
2643,False,True
2644,False,True
2645,False,False
2646,True,True
2647,False,False
2648,True,True
2649,True,True
2650,True,True
2651,False,True
2652,True,True
2653,False,False
2654,False,False
2655,True,True
2656,False,False
2657,False,True
2658,True,True
2659,True,False
2660,True,False
2661,False,False
2662,True,True
2663,False,True
2664,True,True
2665,True,False
2666,False,False
2667,False,False
2668,False,False
2669,False,False
2670,False,False
2671,True,True
2672,True,True
2673,True,False
2674,False,False
2675,False,False
2676,True,True
2677,False,False
2678,True,True
2679,True,True
2680,False,True
2681,False,True
2682,True,True
2683,False,True
2684,True,True
2685,False,False
2686,True,True
2687,True,False
2688,False,False
2689,True,False
2690,False,False
2691,False,False
2692,False,False
2693,True,False
2694,False,False
2695,False,False
2696,False,False
2697,True,True
2698,True,True
2699,True,True
2700,False,False
2701,False,True
2702,True,True
2703,True,True
2704,True,True
2705,False,False
2706,False,True
2707,True,True
2708,False,True
2709,True,True
2710,False,False
2711,True,True
2712,False,False
2713,True,True
2714,False,True
2715,True,False
2716,False,False
2717,False,True
2718,False,False
2719,False,False
2720,False,False
2721,True,True
2722,True,False
2723,False,False
2724,False,False
2725,True,True
2726,True,True
2727,False,False
2728,True,True
2729,True,True
2730,False,False
2731,False,False
2732,False,False
2733,False,False
2734,False,True
2735,True,True
2736,True,True
2737,False,True
2738,True,True
2739,False,False
2740,False,True
2741,False,True
2742,False,False
2743,True,True
2744,True,True
2745,False,True
2746,True,True
2747,True,True
2748,True,True
2749,True,True
2750,False,False
2751,True,True
2752,True,True
2753,True,True
2754,True,True
2755,False,False
2756,False,False
2757,False,False
2758,False,False
2759,True,False
2760,True,True
2761,False,True
2762,False,False
2763,True,True
2764,False,False
2765,True,False
2766,True,True
2767,False,True
2768,True,True
2769,True,True
2770,True,True
2771,False,False
2772,False,False
2773,False,False
2774,False,False
2775,False,False
2776,False,False
2777,False,True
2778,True,True
2779,False,True
2780,False,False
2781,True,True
2782,False,True
2783,True,False
2784,True,True
2785,True,True
2786,False,True
2787,False,False
2788,True,True
2789,True,True
2790,False,False
2791,False,False
2792,False,False
2793,False,False
2794,False,False
2795,True,False
2796,False,False
2797,True,False
2798,False,True
2799,True,True
2800,False,False
2801,False,True
2802,True,True
2803,False,False
2804,False,False
2805,False,False
2806,True,False
2807,False,True
2808,False,True
2809,False,True
2810,True,False
2811,False,False
2812,False,False
2813,True,True
2814,True,False
2815,False,True
2816,True,True
2817,False,False
2818,True,True
2819,True,True
2820,False,False
2821,False,True
2822,False,False
2823,True,True
2824,False,True
2825,False,False
2826,False,True
2827,True,True
2828,False,False
2829,False,True
2830,False,False
2831,False,False
2832,False,False
2833,False,False
2834,False,True
2835,False,True
2836,True,False
2837,False,True
2838,True,True
2839,True,True
2840,False,True
2841,True,False
2842,True,True
2843,True,False
2844,True,True
2845,False,True
2846,True,False
2847,True,True
2848,False,False
2849,False,False
2850,True,True
2851,False,False
2852,False,False
2853,False,True
2854,True,False
2855,True,False
2856,False,True
2857,True,False
2858,False,False
2859,False,False
2860,False,True
2861,True,True
2862,False,True
2863,True,True
2864,False,False
2865,False,True
2866,True,True
2867,False,False
2868,True,True
2869,False,False
2870,False,True
2871,False,True
2872,True,True
2873,False,False
2874,False,False
2875,False,False
2876,True,True
2877,True,True
2878,False,False
2879,True,False
2880,False,False
2881,True,True
2882,False,False
2883,True,False
2884,True,False
2885,False,False
2886,False,True
2887,False,False
2888,False,False
2889,True,True
2890,False,True
2891,False,True
2892,False,False
2893,True,True
2894,True,True
2895,False,False
2896,False,False
2897,True,True
2898,True,True
2899,True,False
2900,False,False
2901,False,False
2902,True,True
2903,True,True
2904,True,False
2905,False,False
2906,True,True
2907,True,True
2908,False,True
2909,True,True
2910,False,True
2911,True,True
2912,False,False
2913,True,True
2914,True,True
2915,False,True
2916,True,False
2917,True,False
2918,True,True
2919,False,False
2920,True,True
2921,False,False
2922,False,False
2923,False,False
2924,True,True
2925,False,False
2926,False,False
2927,True,True
2928,False,False
2929,True,False
2930,False,False
2931,False,False
2932,True,False
2933,False,False
2934,True,True
2935,False,True
2936,True,True
2937,True,False
2938,True,True
2939,False,True
2940,False,False
2941,True,True
2942,True,True
2943,False,False
2944,False,False
2945,True,True
2946,True,False
2947,True,True
2948,True,False
2949,False,True
2950,True,True
2951,True,False
2952,True,False
2953,True,True
2954,True,True
2955,False,False
2956,True,False
2957,True,True
2958,True,False
2959,True,True
2960,True,True
2961,False,True
2962,True,True
2963,False,False
2964,False,False
2965,False,False
2966,False,False
2967,True,True
2968,True,True
2969,False,False
2970,True,True
2971,False,False
2972,False,True
2973,True,True
2974,True,True
2975,False,False
2976,False,True
2977,True,False
2978,False,False
2979,True,False
2980,False,False
2981,False,False
2982,False,False
2983,False,False
2984,True,True
2985,False,True
2986,True,True
2987,False,True
2988,False,False
2989,True,True
2990,False,False
2991,True,True
2992,False,False
2993,False,False
2994,False,False
2995,True,True
2996,False,True
2997,False,True
2998,True,True
2999,True,False
3000,True,True
3001,True,False
3002,False,False
3003,False,True
3004,False,False
3005,True,True
3006,False,False
3007,False,False
3008,True,True
3009,True,True
3010,True,True
3011,False,True
3012,False,False
3013,True,False
3014,False,False
3015,False,True
3016,False,False
3017,True,False
3018,False,False
3019,False,True
3020,False,True
3021,False,False
3022,False,False
3023,True,True
3024,False,False
3025,False,False
3026,True,True
3027,True,False
3028,False,False
3029,False,False
3030,True,True
3031,True,True
3032,True,True
3033,False,False
3034,False,True
3035,False,True
3036,False,True
3037,True,True
3038,True,True
3039,True,True
3040,False,False
3041,True,True
3042,True,False
3043,False,False
3044,False,True
3045,False,True
3046,True,True
3047,True,False
3048,True,False
3049,False,False
3050,True,True
3051,False,False
3052,True,False
3053,False,False
3054,True,True
3055,True,True
3056,True,False
3057,True,True
3058,True,False
3059,False,False
3060,True,False
3061,False,False
3062,False,False
3063,False,False
3064,False,True
3065,True,True
3066,True,True
3067,True,True
3068,True,True
3069,True,True
3070,True,True
3071,False,True
3072,True,True
3073,False,False
3074,False,True
3075,False,True
3076,False,False
3077,True,True
3078,True,True
3079,False,True
3080,True,True
3081,True,True
3082,True,True
3083,True,False
3084,True,False
3085,False,False
3086,False,True
3087,False,False
3088,True,True
3089,False,False
3090,False,False
3091,False,True
3092,False,False
3093,False,False
3094,True,True
3095,False,False
3096,True,True
3097,False,False
3098,False,False
3099,True,True
3100,False,False
3101,False,False
3102,True,False
3103,True,True
3104,True,False
3105,True,False
3106,True,True
3107,True,True
3108,False,False
3109,True,True
3110,False,True
3111,False,False
3112,True,False
3113,True,False
3114,True,False
3115,False,True
3116,False,False
3117,True,False
3118,True,True
3119,False,False
3120,False,True
3121,True,True
3122,True,True
3123,True,True
3124,False,True
3125,False,False
3126,False,False
3127,False,False
3128,False,False
3129,False,True
3130,True,True
3131,False,False
3132,False,False
3133,False,True
3134,False,False
3135,True,True
3136,True,True
3137,False,False
3138,False,True
3139,False,True
3140,True,False
3141,False,False
3142,False,True
3143,False,False
3144,True,True
3145,False,True
3146,False,False
3147,True,True
3148,True,True
3149,True,False
3150,True,True
3151,True,False
3152,False,False
3153,False,True
3154,False,False
3155,True,False
3156,True,True
3157,True,True
3158,False,True
3159,True,False
3160,False,False
3161,False,False
3162,False,True
3163,True,True
3164,False,True
3165,True,True
3166,True,False
3167,True,True
3168,True,True
3169,False,False
3170,True,False
3171,False,False
3172,True,True
3173,True,True
3174,False,False
3175,False,True
3176,True,True
3177,False,False
3178,True,True
3179,True,True
3180,False,False
3181,True,True
3182,True,True
3183,False,True
3184,True,True
3185,False,False
3186,True,True
3187,False,True
3188,False,False
3189,False,True
3190,True,True
3191,True,True
3192,False,True
3193,False,False
3194,False,False
3195,False,True
3196,True,False
3197,True,True
3198,False,True
3199,True,True
3200,False,False
3201,True,True
3202,True,True
3203,True,True
3204,False,False
3205,True,True
3206,False,True
3207,False,False
3208,True,True
3209,True,False
3210,False,False
3211,True,True
3212,False,True
3213,False,False
3214,True,True
3215,False,False
3216,True,True
3217,True,True
3218,False,False
3219,True,True
3220,True,True
3221,False,True
3222,False,True
3223,False,True
3224,True,False
3225,False,False
3226,True,True
3227,True,True
3228,False,False
3229,False,True
3230,True,True
3231,True,True
3232,True,True
3233,False,False
3234,True,True
3235,True,False
3236,False,True
3237,True,False
3238,True,True
3239,True,False
3240,False,False
3241,False,False
3242,True,True
3243,True,True
3244,False,False
3245,False,False
3246,True,True
3247,False,False
3248,False,False
3249,True,True
3250,False,False
3251,False,False
3252,False,False
3253,False,False
3254,False,True
3255,False,True
3256,False,True
3257,False,False
3258,False,False
3259,True,False
3260,False,False
3261,True,True
3262,True,True
3263,True,True
3264,False,False
3265,False,False
3266,True,False
3267,False,False
3268,True,True
3269,False,True
3270,True,True
3271,True,True
3272,False,False
3273,True,False
3274,True,True
3275,True,False
3276,False,False
3277,True,False
3278,True,True
3279,False,True
3280,True,False
3281,True,True
3282,True,True
3283,True,True
3284,False,False
3285,False,True
3286,True,True
3287,True,True
3288,True,True
3289,True,True
3290,False,True
3291,True,True
3292,False,False
3293,False,False
3294,False,False
3295,False,False
3296,True,True
3297,False,False
3298,True,True
3299,False,True
3300,True,False
3301,False,True
3302,False,False
3303,False,False
3304,True,True
3305,False,False
3306,True,True
3307,False,False
3308,True,True
3309,False,True
3310,True,True
3311,True,False
3312,False,False
3313,False,False
3314,True,True
3315,True,False
3316,True,True
3317,True,True
3318,False,False
3319,True,True
3320,False,True
3321,True,True
3322,False,False
3323,False,True
3324,False,False
3325,False,True
3326,False,False
3327,False,False
3328,False,True
3329,False,False
3330,True,True
3331,False,False
3332,False,True
3333,True,False
3334,False,True
3335,False,False
3336,True,True
3337,False,True
3338,True,True
3339,True,True
3340,True,False
3341,False,False
3342,False,False
3343,False,False
3344,True,False
3345,True,False
3346,True,False
3347,False,False
3348,False,False
3349,True,False
3350,False,False
3351,False,False
3352,True,True
3353,False,False
3354,False,False
3355,True,True
3356,False,False
3357,False,False
3358,True,True
3359,True,True
3360,True,True
3361,False,False
3362,False,False
3363,True,True
3364,True,True
3365,False,False
3366,False,False
3367,True,True
3368,True,True
3369,False,False
3370,False,False
3371,True,True
3372,False,True
3373,False,False
3374,False,True
3375,False,False
3376,False,False
3377,False,True
3378,False,True
3379,True,True
3380,False,True
3381,True,True
3382,False,True
3383,True,True
3384,False,False
3385,True,True
3386,False,False
3387,True,True
3388,True,False
3389,False,False
3390,True,True
3391,True,False
3392,False,False
3393,True,True
3394,True,True
3395,True,True
3396,True,True
3397,False,False
3398,False,False
3399,False,False
3400,False,False
3401,False,False
3402,False,True
3403,False,True
3404,True,True
3405,True,True
3406,False,False
3407,True,True
3408,False,False
3409,False,False
3410,False,True
3411,True,True
3412,False,False
3413,False,False
3414,False,True
3415,False,False
3416,True,True
3417,True,True
3418,True,True
3419,True,True
3420,False,False
3421,False,False
3422,True,True
3423,True,False
3424,True,True
3425,False,False
3426,True,False
3427,False,False
3428,False,True
3429,False,False
3430,False,False
3431,False,False
3432,False,False
3433,False,True
3434,False,False
3435,True,False
3436,False,True
3437,True,True
3438,False,False
3439,True,True
3440,False,False
3441,True,True
3442,True,True
3443,False,False
3444,False,False
3445,False,False
3446,True,True
3447,True,False
3448,True,True
3449,False,True
3450,True,True
3451,False,False
3452,True,False
3453,False,False
3454,False,False
3455,True,True
3456,True,True
3457,True,False
3458,False,True
3459,False,False
3460,True,True
3461,True,True
3462,True,False
3463,True,True
3464,True,False
3465,True,True
3466,False,True
3467,False,True
3468,True,True
3469,True,True
3470,False,True
3471,True,True
3472,True,True
3473,False,True
3474,True,False
3475,False,False
3476,False,False
3477,True,True
3478,True,True
3479,False,False
3480,False,False
3481,False,False
3482,True,False
3483,False,False
3484,True,True
3485,True,True
3486,False,False
3487,False,False
3488,False,False
3489,True,False
3490,True,True
3491,False,True
3492,True,True
3493,False,False
3494,True,True
3495,True,False
3496,True,True
3497,False,False
3498,False,False
3499,False,False
3500,True,True
3501,False,False
3502,True,True
3503,False,False
3504,True,False
3505,True,True
3506,False,False
3507,False,False
3508,True,True
3509,False,True
3510,True,False
3511,False,True
3512,False,False
3513,False,False
3514,True,False
3515,False,False
3516,False,False
3517,True,True
3518,False,False
3519,False,True
3520,False,True
3521,True,True
3522,True,True
3523,False,False
3524,False,True
3525,False,False
3526,False,True
3527,True,True
3528,True,False
3529,False,False
3530,True,True
3531,False,False
3532,True,True
3533,False,True
3534,False,False
3535,True,True
3536,False,False
3537,True,True
3538,True,False
3539,False,False
3540,True,True
3541,True,False
3542,False,True
3543,False,False
3544,False,False
3545,True,False
3546,False,False
3547,True,True
3548,False,True
3549,True,True
3550,True,False
3551,True,True
3552,True,True
3553,True,True
3554,True,False
3555,False,False
3556,True,True
3557,False,False
3558,False,True
3559,True,True
3560,True,False
3561,False,False
3562,True,True
3563,True,True
3564,False,False
3565,False,False
3566,False,False
3567,False,True
3568,False,False
3569,True,True
3570,True,True
3571,False,True
3572,False,False
3573,False,True
3574,False,False
3575,True,False
3576,True,True
3577,False,True
3578,True,True
3579,True,False
3580,False,False
3581,True,True
3582,False,False
3583,False,True
3584,False,True
3585,True,False
3586,False,False
3587,False,False
3588,False,False
3589,True,True
3590,True,True
3591,False,True
3592,False,True
3593,True,True
3594,True,True
3595,True,True
3596,False,False
3597,False,False
3598,True,True
3599,False,False
3600,True,False
3601,True,True
3602,True,True
3603,False,False
3604,True,False
3605,False,False
3606,False,False
3607,True,True
3608,True,False
3609,False,False
3610,False,True
3611,False,False
3612,False,False
3613,True,False
3614,True,True
3615,True,True
3616,False,True
3617,False,False
3618,True,True
3619,False,False
3620,False,True
3621,False,False
3622,False,False
3623,True,True
3624,True,True
3625,True,True
3626,True,False
3627,False,True
3628,True,False
3629,False,True
3630,True,True
3631,True,True
3632,False,True
3633,True,True
3634,False,True
3635,False,True
3636,True,True
3637,False,False
3638,False,False
3639,False,True
3640,True,True
3641,False,False
3642,False,False
3643,False,False
3644,False,True
3645,False,False
3646,True,True
3647,True,True
3648,True,True
3649,False,True
3650,True,True
3651,True,True
3652,True,True
3653,False,False
3654,True,False
3655,False,False
3656,True,True
3657,False,False
3658,False,False
3659,False,False
3660,False,False
3661,True,False
3662,True,True
3663,True,True
3664,False,False
3665,False,True
3666,False,True
3667,False,False
3668,True,True
3669,False,True
3670,True,True
3671,False,False
3672,False,False
3673,False,True
3674,True,True
3675,False,False
3676,True,True
3677,True,True
3678,False,False
3679,False,False
3680,False,True
3681,True,True
3682,True,True
3683,False,False
3684,False,False
3685,True,False
3686,False,False
3687,True,True
3688,True,True
3689,False,True
3690,False,True
3691,False,False
3692,True,True
3693,False,False
3694,True,True
3695,False,False
3696,False,False
3697,False,False
3698,False,False
3699,False,True
3700,False,False
3701,False,False
3702,False,False
3703,False,False
3704,False,True
3705,False,False
3706,False,False
3707,True,True
3708,False,False
3709,True,True
3710,True,False
3711,False,False
3712,False,True
3713,False,False
3714,False,False
3715,False,False
3716,True,True
3717,False,False
3718,True,True
3719,False,False
3720,False,True
3721,False,False
3722,False,False
3723,True,True
3724,True,True
3725,True,True
3726,False,False
3727,True,False
3728,False,True
3729,True,True
3730,False,True
3731,False,True
3732,False,False
3733,True,True
3734,True,False
3735,True,True
3736,True,True
3737,True,False
3738,False,False
3739,False,False
3740,True,False
3741,False,True
3742,True,True
3743,False,False
3744,False,False
3745,False,False
3746,True,True
3747,False,False
3748,True,True
3749,False,False
3750,False,False
3751,True,False
3752,True,True
3753,True,True
3754,True,True
3755,False,False
3756,True,True
3757,True,True
3758,False,True
3759,True,False
3760,True,True
3761,True,True
3762,True,False
3763,False,False
3764,True,True
3765,True,True
3766,False,True
3767,False,False
3768,False,False
3769,False,False
3770,True,True
3771,True,False
3772,True,True
3773,True,False
3774,False,False
3775,False,True
3776,True,True
3777,True,True
3778,False,False
3779,True,False
3780,True,True
3781,True,True
3782,False,False
3783,True,True
3784,True,False
3785,True,True
3786,False,False
3787,True,True
3788,False,False
3789,False,False
3790,True,True
3791,True,True
3792,True,True
3793,True,True
3794,True,True
3795,False,False
3796,False,False
3797,False,False
3798,False,True
3799,True,True
3800,True,True
3801,False,False
3802,False,True
3803,False,False
3804,True,False
3805,True,False
3806,True,False
3807,True,True
3808,False,False
3809,True,False
3810,False,False
3811,True,True
3812,False,True
3813,False,False
3814,True,True
3815,True,True
3816,True,True
3817,True,True
3818,True,True
3819,True,True
3820,True,False
3821,False,False
3822,True,True
3823,True,True
3824,True,True
3825,True,False
3826,False,False
3827,False,False
3828,False,False
3829,True,False
3830,True,False
3831,True,True
3832,False,False
3833,False,False
3834,True,True
3835,True,True
3836,True,False
3837,False,False
3838,False,False
3839,False,False
3840,True,True
3841,True,True
3842,True,True
3843,False,True
3844,True,False
3845,True,True
3846,True,True
3847,False,False
3848,False,False
3849,False,True
3850,True,False
3851,False,False
3852,True,False
3853,True,False
3854,False,True
3855,True,False
3856,True,False
3857,True,False
3858,False,False
3859,False,False
3860,False,True
3861,True,True
3862,False,False
3863,True,True
3864,False,True
3865,False,False
3866,False,False
3867,False,True
3868,True,True
3869,False,False
3870,True,True
3871,True,True
3872,True,False
3873,False,False
3874,False,True
3875,True,True
3876,True,False
3877,False,False
3878,False,False
3879,False,False
3880,True,True
3881,False,True
3882,False,False
3883,False,False
3884,True,False
3885,False,True
3886,True,True
3887,False,False
3888,True,False
3889,True,True
3890,True,False
3891,True,False
3892,False,True
3893,False,False
3894,True,True
3895,False,False
3896,True,False
3897,False,False
3898,False,False
3899,True,False
3900,True,True
3901,True,True
3902,True,True
3903,False,True
3904,True,True
3905,False,True
3906,True,True
3907,False,False
3908,True,True
3909,False,False
3910,True,True
3911,True,False
3912,False,False
3913,False,False
3914,False,True
3915,True,False
3916,False,False
3917,False,True
3918,True,True
3919,False,True
3920,False,True
3921,False,True
3922,False,False
3923,False,True
3924,False,False
3925,False,False
3926,True,True
3927,True,True
3928,False,True
3929,False,False
3930,True,True
3931,True,False
3932,True,True
3933,True,True
3934,False,False
3935,False,True
3936,True,False
3937,True,True
3938,False,False
3939,False,False
3940,True,False
3941,False,True
3942,False,False
3943,True,True
3944,False,False
3945,True,True
3946,False,False
3947,True,True
3948,True,False
3949,False,False
3950,False,False
3951,False,False
3952,False,False
3953,False,False
3954,False,False
3955,True,True
3956,False,True
3957,False,True
3958,False,False
3959,False,False
3960,True,False
3961,True,True
3962,False,True
3963,False,True
3964,False,False
3965,True,True
3966,True,True
3967,False,True
3968,False,False
3969,True,False
3970,True,True
3971,False,False
3972,False,False
3973,False,False
3974,True,True
3975,False,False
3976,True,True
3977,False,False
3978,True,True
3979,True,True
3980,False,True
3981,True,False
3982,False,False
3983,False,False
3984,True,True
3985,False,False
3986,True,True
3987,False,True
3988,False,False
3989,False,False
3990,True,False
3991,False,True
3992,False,False
3993,True,True
3994,False,False
3995,False,False
3996,False,False
3997,True,True
3998,False,True
3999,True,False
4000,False,False
4001,True,False
4002,True,False
4003,True,True
4004,False,False
4005,True,True
4006,True,False
4007,False,False
4008,False,False
4009,False,True
4010,True,False
4011,False,True
4012,True,True
4013,False,False
4014,False,True
4015,True,True
4016,False,False
4017,False,False
4018,True,True
4019,False,False
4020,False,False
4021,False,True
4022,True,False
4023,True,True
4024,True,True
4025,False,True
4026,False,True
4027,True,True
4028,False,False
4029,True,False
4030,True,True
4031,False,False
4032,True,True
4033,False,True
4034,True,False
4035,True,False
4036,False,False
4037,False,True
4038,False,False
4039,False,True
4040,False,False
4041,False,False
4042,False,False
4043,True,False
4044,True,True
4045,False,True
4046,False,False
4047,True,True
4048,True,False
4049,False,False
4050,True,True
4051,True,False
4052,True,False
4053,False,False
4054,False,False
4055,False,False
4056,True,True
4057,False,False
4058,True,True
4059,False,False
4060,False,False
4061,True,True
4062,False,False
4063,False,False
4064,False,False
4065,True,True
4066,True,True
4067,True,True
4068,False,False
4069,True,True
4070,True,True
4071,True,False
4072,False,False
4073,False,True
4074,True,True
4075,False,False
4076,True,True
4077,False,True
4078,False,True
4079,False,True
4080,True,True
4081,False,False
4082,False,False
4083,True,False
4084,True,False
4085,True,True
4086,False,False
4087,False,True
4088,True,True
4089,True,True
4090,False,False
4091,True,True
4092,True,False
4093,True,True
4094,True,False
4095,False,False
4096,False,False
4097,False,False
4098,True,True
4099,True,True
4100,True,True
4101,True,True
4102,False,True
4103,False,False
4104,True,False
4105,True,False
4106,True,False
4107,False,True
4108,False,False
4109,False,False
4110,True,False
4111,True,True
4112,False,True
4113,False,False
4114,False,False
4115,False,False
4116,True,False
4117,True,True
4118,False,False
4119,True,True
4120,False,False
4121,True,True
4122,True,True
4123,True,False
4124,True,False
4125,True,True
4126,False,False
4127,True,True
4128,True,True
4129,False,False
4130,False,False
4131,True,True
4132,False,False
4133,False,False
4134,False,False
4135,False,False
4136,False,False
4137,False,False
4138,True,True
4139,False,False
4140,False,False
4141,True,False
4142,True,False
4143,True,False
4144,False,False
4145,False,False
4146,False,True
4147,True,True
4148,False,False
4149,False,False
4150,False,True
4151,False,False
4152,False,False
4153,False,False
4154,True,False
4155,False,True
4156,False,True
4157,False,False
4158,True,False
4159,False,False
4160,False,True
4161,False,False
4162,False,False
4163,False,False
4164,False,False
4165,False,False
4166,False,True
4167,True,False
4168,False,False
4169,False,False
4170,False,False
4171,False,False
4172,False,True
4173,False,False
4174,False,True
4175,False,True
4176,False,False
4177,False,False
4178,True,True
4179,True,True
4180,True,False
4181,True,True
4182,True,True
4183,True,True
4184,True,True
4185,False,True
4186,True,True
4187,False,True
4188,False,False
4189,False,True
4190,False,False
4191,False,False
4192,False,False
4193,False,False
4194,False,False
4195,False,False
4196,True,True
4197,False,False
4198,True,False
4199,True,True
4200,True,True
4201,True,True
4202,True,True
4203,True,True
4204,True,True
4205,False,False
4206,False,False
4207,False,False
4208,False,False
4209,True,True
4210,False,False
4211,False,False
4212,False,False
4213,False,False
4214,False,False
4215,True,True
4216,False,False
4217,True,True
4218,True,True
4219,True,True
4220,False,False
4221,True,True
4222,True,True
4223,False,False
4224,True,False
4225,False,False
4226,False,True
4227,True,True
4228,True,False
4229,True,True
4230,True,True
4231,True,True
4232,False,True
4233,False,False
4234,False,False
4235,True,False
4236,False,False
4237,True,True
4238,False,True
4239,False,False
4240,False,False
4241,False,False
4242,False,True
4243,True,True
4244,True,True
4245,False,False
4246,False,False
4247,False,False
4248,True,True
4249,False,False
4250,False,True
4251,False,True
4252,False,False
4253,True,False
4254,True,True
4255,True,True
4256,False,False
4257,False,False
4258,True,True
4259,True,True
4260,False,False
4261,False,False
4262,True,True
4263,False,False
4264,False,False
4265,True,True
4266,True,True
4267,True,True
4268,False,False
4269,True,True
4270,False,True
4271,False,False
4272,False,True
4273,False,False
4274,False,False
4275,False,False
4276,True,True
4277,False,False
4278,False,False
4279,True,True
4280,False,False
4281,True,True
4282,False,True
4283,True,True
4284,True,True
4285,True,False
4286,False,False
4287,False,True
4288,False,True
4289,False,False
4290,False,False
4291,True,False
4292,True,False
4293,True,False
4294,True,True
4295,True,True
4296,True,True
4297,True,False
4298,False,False
4299,True,True
4300,False,False
4301,True,True
4302,True,True
4303,False,False
4304,False,False
4305,True,True
4306,True,True
4307,False,False
4308,True,True
4309,True,False
4310,False,True
4311,False,True
4312,True,True
4313,False,False
4314,True,True
4315,False,True
4316,False,False
4317,True,False
4318,True,True
4319,True,True
4320,False,False
4321,True,True
4322,False,False
4323,False,False
4324,False,True
4325,False,True
4326,True,False
4327,True,True
4328,True,False
4329,True,True
4330,False,False
4331,False,False
4332,False,False
4333,True,True
4334,True,True
4335,False,False
4336,False,False
4337,True,True
4338,False,False
4339,False,False
4340,True,True
4341,False,False
4342,True,True
4343,True,True
4344,False,False
4345,False,False
4346,True,True
4347,True,False
4348,True,True
4349,False,False
4350,False,False
4351,False,True
4352,False,False
4353,False,False
4354,False,False
4355,True,True
4356,False,True
4357,True,False
4358,True,True
4359,True,True
4360,False,True
4361,False,True
4362,True,True
4363,False,True
4364,True,False
4365,False,True
4366,True,True
4367,False,False
4368,False,True
4369,True,True
4370,True,True
4371,False,False
4372,False,False
4373,True,False
4374,False,True
4375,False,False
4376,True,True
4377,False,False
4378,False,False
4379,True,True
4380,True,False
4381,True,True
4382,True,True
4383,True,True
4384,True,True
4385,True,True
4386,False,True
4387,False,False
4388,True,True
4389,True,True
4390,False,False
4391,True,True
4392,True,True
4393,True,True
4394,True,False
4395,True,True
4396,False,False
4397,True,True
4398,True,False
4399,False,False
4400,True,False
4401,False,True
4402,True,True
4403,True,False
4404,False,True
4405,False,False
4406,False,True
4407,True,True
4408,False,False
4409,False,True
4410,True,True
4411,True,True
4412,True,False
4413,False,False
4414,True,True
4415,False,False
4416,True,True
4417,True,True
4418,False,False
4419,False,False
4420,True,False
4421,False,True
4422,False,False
4423,False,True
4424,True,True
4425,True,False
4426,True,False
4427,False,False
4428,False,True
4429,True,False
4430,False,False
4431,False,False
4432,False,False
4433,False,False
4434,True,True
4435,False,True
4436,False,False
4437,True,True
4438,False,True
4439,True,True
4440,False,True
4441,False,True
4442,False,False
4443,False,True
4444,False,False
4445,False,False
4446,False,False
4447,True,True
4448,False,False
4449,True,True
4450,True,True
4451,True,True
4452,True,False
4453,False,False
4454,True,True
4455,True,True
4456,True,True
4457,False,False
4458,False,True
4459,True,True
4460,True,True
4461,False,False
4462,False,False
4463,True,False
4464,False,False
4465,False,False
4466,True,False
4467,True,True
4468,True,True
4469,False,True
4470,True,False
4471,False,True
4472,False,False
4473,False,True
4474,True,True
4475,False,True
4476,True,False
4477,True,True
4478,False,False
4479,False,False
4480,False,False
4481,True,True
4482,False,True
4483,True,True
4484,False,False
4485,False,True
4486,True,True
4487,True,False
4488,False,False
4489,False,False
4490,False,False
4491,False,False
4492,True,True
4493,True,True
4494,True,True
4495,True,True
4496,False,False
4497,True,True
4498,False,False
4499,False,False
4500,True,True
4501,True,False
4502,True,True
4503,True,True
4504,True,True
4505,True,True
4506,False,True
4507,False,False
4508,True,True
4509,False,False
4510,False,True
4511,True,False
4512,False,True
4513,True,True
4514,True,True
4515,False,False
4516,False,False
4517,True,True
4518,False,False
4519,True,True
4520,True,True
4521,False,True
4522,False,False
4523,True,True
4524,True,True
4525,True,False
4526,False,True
4527,False,True
4528,False,False
4529,False,False
4530,True,True
4531,False,False
4532,False,True
4533,False,False
4534,True,False
4535,False,False
4536,True,True
4537,False,False
4538,True,True
4539,True,False
4540,False,False
4541,True,False
4542,True,False
4543,True,True
4544,False,False
4545,False,False
4546,False,False
4547,False,False
4548,False,False
4549,True,True
4550,True,True
4551,True,True
4552,True,True
4553,False,False
4554,True,True
4555,True,False
4556,False,False
4557,False,False
4558,False,False
4559,True,True
4560,True,False
4561,False,False
4562,False,True
4563,True,False
4564,True,False
4565,False,False
4566,True,False
4567,True,True
4568,False,False
4569,True,True
4570,True,True
4571,True,True
4572,False,False
4573,False,True
4574,False,False
4575,False,False
4576,False,False
4577,False,False
4578,True,True
4579,False,True
4580,True,True
4581,True,False
4582,True,True
4583,True,True
4584,False,False
4585,False,False
4586,False,True
4587,False,False
4588,False,False
4589,True,True
4590,True,False
4591,True,True
4592,False,False
4593,True,True
4594,False,False
4595,False,False
4596,False,False
4597,False,False
4598,False,False
4599,True,False
4600,False,False
4601,False,False
4602,False,True
4603,True,True
4604,False,True
4605,False,True
4606,False,False
4607,True,True
4608,False,True
4609,False,False
4610,False,False
4611,False,False
4612,False,False
4613,False,True
4614,True,True
4615,True,True
4616,False,False
4617,True,True
4618,False,False
4619,True,True
4620,True,True
4621,True,True
4622,False,False
4623,True,True
4624,True,True
4625,True,True
4626,False,False
4627,False,False
4628,False,False
4629,True,True
4630,True,True
4631,True,False
4632,True,False
4633,False,False
4634,False,False
4635,False,False
4636,True,True
4637,True,True
4638,False,False
4639,True,True
4640,True,True
4641,True,True
4642,True,True
4643,False,False
4644,False,False
4645,True,False
4646,False,False
4647,True,True
4648,True,True
4649,False,False
4650,False,True
4651,True,False
4652,True,True
4653,True,True
4654,False,True
4655,True,True
4656,False,False
4657,False,False
4658,True,True
4659,False,True
4660,False,False
4661,True,True
4662,False,False
4663,True,True
4664,True,True
4665,True,False
4666,True,True
4667,True,True
4668,True,False
4669,False,False
4670,False,False
4671,True,True
4672,False,False
4673,True,True
4674,False,False
4675,False,False
4676,True,False
4677,True,True
4678,True,False
4679,True,True
4680,False,False
4681,True,True
4682,True,True
4683,False,True
4684,True,True
4685,False,True
4686,True,True
4687,True,False
4688,False,False
4689,True,True
4690,True,False
4691,True,True
4692,False,False
4693,False,False
4694,False,False
4695,True,True
4696,False,False
4697,False,True
4698,False,True
4699,False,False
4700,False,False
4701,False,True
4702,False,False
4703,True,True
4704,False,False
4705,False,False
4706,True,True
4707,False,False
4708,True,False
4709,True,True
4710,True,False
4711,True,False
4712,False,False
4713,False,False
4714,False,True
4715,True,True
4716,False,True
4717,True,True
4718,False,False
4719,False,True
4720,False,False
4721,False,False
4722,True,True
4723,True,False
4724,False,False
4725,True,True
4726,False,True
4727,False,False
4728,True,False
4729,False,True
4730,True,True
4731,True,True
4732,False,True
4733,True,True
4734,False,False
4735,True,False
4736,False,False
4737,True,True
4738,False,True
4739,True,True
4740,False,False
4741,False,False
4742,True,True
4743,True,True
4744,False,False
4745,False,False
4746,False,True
4747,True,True
4748,False,True
4749,True,True
4750,False,True
4751,True,False
4752,True,False
4753,False,False
4754,True,False
4755,True,True
4756,True,False
4757,True,True
4758,False,False
4759,False,False
4760,False,True
4761,True,True
4762,False,True
4763,True,True
4764,True,True
4765,False,False
4766,False,False
4767,True,True
4768,False,False
4769,True,True
4770,False,False
4771,False,True
4772,False,False
4773,True,True
4774,True,True
4775,False,False
4776,False,False
4777,True,True
4778,False,True
4779,False,True
4780,False,False
4781,True,True
4782,False,False
4783,False,False
4784,True,True
4785,False,True
4786,True,False
4787,False,True
4788,True,True
4789,True,True
4790,True,False
4791,True,True
4792,True,False
4793,False,True
4794,False,False
4795,True,True
4796,False,False
4797,False,False
4798,False,True
4799,False,False
4800,False,False
4801,True,False
4802,False,False
4803,True,False
4804,False,True
4805,False,False
4806,False,True
4807,False,True
4808,True,False
4809,False,False
4810,True,False
4811,False,False
4812,False,False
4813,True,False
4814,True,True
4815,True,False
4816,True,True
4817,False,False
4818,False,True
4819,False,True
4820,False,False
4821,False,False
4822,True,False
4823,False,False
4824,False,False
4825,False,False
4826,False,False
4827,True,True
4828,False,False
4829,True,True
4830,True,False
4831,False,True
4832,False,False
4833,True,False
4834,False,False
4835,True,True
4836,False,True
4837,False,False
4838,False,False
4839,False,False
4840,False,True
4841,True,False
4842,False,False
4843,False,False
4844,False,False
4845,False,False
4846,False,False
4847,False,False
4848,False,True
4849,True,False
4850,True,False
4851,True,True
4852,False,True
4853,False,False
4854,True,True
4855,False,True
4856,False,True
4857,False,True
4858,True,False
4859,False,False
4860,False,False
4861,True,False
4862,True,True
4863,True,True
4864,False,True
4865,True,False
4866,True,True
4867,True,True
4868,True,False
4869,False,True
4870,True,False
4871,False,False
4872,False,False
4873,True,False
4874,True,False
4875,True,True
4876,True,True
4877,False,True
4878,True,True
4879,False,False
4880,True,True
4881,True,False
4882,False,True
4883,False,False
4884,False,False
4885,True,False
4886,True,True
4887,True,True
4888,False,False
4889,False,False
4890,True,True
4891,True,False
4892,True,True
4893,True,False
4894,False,True
4895,True,True
4896,False,True
4897,True,True
4898,False,True
4899,False,False
4900,True,True
4901,False,False
4902,True,True
4903,True,True
4904,False,True
4905,True,True
4906,False,False
4907,False,False
4908,False,False
4909,True,True
4910,True,True
4911,True,False
4912,False,False
4913,False,True
4914,True,True
4915,False,True
4916,False,False
4917,True,False
4918,False,True
4919,False,False
4920,False,True
4921,True,False
4922,False,True
4923,True,True
4924,False,False
4925,True,True
4926,True,True
4927,True,True
4928,True,False
4929,True,True
4930,True,True
4931,False,False
4932,False,False
4933,True,False
4934,False,False
4935,True,True
4936,True,True
4937,False,False
4938,True,True
4939,False,False
4940,False,False
4941,False,False
4942,False,True
4943,True,True
4944,True,True
4945,True,True
4946,False,False
4947,True,True
4948,False,True
4949,True,False
4950,False,True
4951,True,False
4952,True,False
4953,False,True
4954,False,False
4955,False,False
4956,True,True
4957,True,False
4958,True,True
4959,True,True
4960,False,False
4961,True,False
4962,False,False
4963,True,True
4964,True,True
4965,True,False
4966,False,False
4967,False,False
4968,False,False
4969,False,False
4970,False,True
4971,False,True
4972,False,False
4973,False,False
4974,True,True
4975,False,False
4976,False,False
4977,False,True
4978,False,True
4979,True,True
4980,True,True
4981,False,True
4982,False,True
4983,True,True
4984,True,True
4985,False,True
4986,False,False
4987,False,False
4988,True,True
4989,True,True
4990,True,True
4991,True,True
4992,True,True
4993,False,False
4994,False,False
4995,False,False
4996,False,False
4997,True,True
4998,False,False
4999,True,True
5000,True,True
5001,False,True
5002,False,False
5003,False,False
5004,False,False
5005,True,True
5006,True,False
5007,False,True
5008,False,True
5009,False,False
5010,True,True
5011,True,False
5012,False,False
5013,True,True
5014,False,False
5015,False,True
5016,True,True
5017,False,True
5018,False,False
5019,True,True
5020,True,True
5021,False,False
5022,False,True
5023,False,True
5024,True,True
5025,False,True
5026,False,False
5027,False,True
5028,False,True
5029,False,True
5030,True,True
5031,False,False
5032,True,True
5033,True,True
5034,False,True
5035,False,True
5036,False,True
5037,True,True
5038,False,True
5039,False,True
5040,False,False
5041,True,True
5042,True,True
5043,True,True
5044,False,False
5045,False,False
5046,False,True
5047,True,True
5048,True,True
5049,False,False
5050,False,True
5051,False,True
5052,False,True
5053,True,False
5054,False,False
5055,False,False
5056,False,True
5057,False,True
5058,True,True
5059,True,False
5060,False,True
5061,False,False
5062,False,True
5063,False,True
5064,False,False
5065,False,True
5066,False,True
5067,False,False
5068,True,True
5069,True,True
5070,False,False
5071,True,True
5072,True,True
5073,False,True
5074,True,True
5075,False,False
5076,False,False
5077,False,False
5078,True,True
5079,True,False
5080,True,False
5081,True,False
5082,False,False
5083,True,False
5084,False,False
5085,False,False
5086,False,False
5087,True,True
5088,False,True
5089,False,False
5090,True,False
5091,True,True
5092,False,True
5093,False,False
5094,False,True
5095,True,True
5096,False,True
5097,True,False
5098,False,False
5099,True,True
5100,True,False
5101,False,False
5102,False,False
5103,True,True
5104,False,False
5105,True,False
